User name,Password,Access key ID,Secret access key,Console login link
user1,,AKIASNCFJKVONKCA4PHH,KTEbQqVRUwTsZJBaCWZAHhA2LD5QIsM/rEDt/54X,https://giridhar276.signin.aws.amazon.com/console
user2,,AKIASNCFJKVOGAA2RKFL,A0heoifQnp/Z0XYge1fut4gRgoRfsg+s/u1xN9MW,https://giridhar276.signin.aws.amazon.com/console
user3,,AKIASNCFJKVOMU3MESV3,HX6ktJEtth58BK3RxANHrRDgKHekmX+EU1P2ZFbW,https://giridhar276.signin.aws.amazon.com/console
user4,,AKIASNCFJKVON2QMPBH6,1MVFER4VOVWEvKsVGG1qTqQkkskbpzf9X5wBzaOP,https://giridhar276.signin.aws.amazon.com/console
user5,,AKIASNCFJKVOAFOA3HPA,IHpFFLcMiNjp8FSLP3d1Wf6JlzNSFDGx0vNzv1EA,https://giridhar276.signin.aws.amazon.com/console
user6,,AKIASNCFJKVOETAEHS66,LX+ud+wq3iXK6jOgfbkFf43YUexJH9/M6yXthybp,https://giridhar276.signin.aws.amazon.com/console
user7,,AKIASNCFJKVOBBVK5CN4,RwE3xEVqIsxm8q6YfCEiDJj/oSgqECtGJoS3NBzo,https://giridhar276.signin.aws.amazon.com/console
user8,,AKIASNCFJKVOJRB4WQ2I,Gjbkvu0/KNPX76U9eJSwZPrcymRF9rpToCopBtXg,https://giridhar276.signin.aws.amazon.com/console
user9,,AKIASNCFJKVOC3UO5OCR,J8L12VmfkfRnzDF/O6ODVMJGB8Y9HChP4J6AEZVV,https://giridhar276.signin.aws.amazon.com/console
user10,,AKIASNCFJKVOKPON5F4P,RUtJIdkbKM02Xw47lk86Z61nxj5u2pE9P9dYxoFI,https://giridhar276.signin.aws.amazon.com/console
